<?xml version="1.0" encoding="UTF-8"?>
<GenRun Id="synth_1" LaunchPart="xc7a100tcsg324-1" LaunchTime="1657737472">
  <File Type="PA-TCL" Name="pipeline_Datapath.tcl"/>
  <File Type="RDS-PROPCONSTRS" Name="pipeline_Datapath_drc_synth.rpt"/>
  <File Type="RDS-RDS" Name="pipeline_Datapath.vds"/>
  <File Type="RDS-UTIL" Name="pipeline_Datapath_utilization_synth.rpt"/>
  <File Type="RDS-UTIL-PB" Name="pipeline_Datapath_utilization_synth.pb"/>
  <File Type="RDS-DCP" Name="pipeline_Datapath.dcp"/>
  <File Type="VDS-TIMINGSUMMARY" Name="pipeline_Datapath_timing_summary_synth.rpt"/>
  <File Type="VDS-TIMING-PB" Name="pipeline_Datapath_timing_summary_synth.pb"/>
  <FileSet Name="sources" Type="DesignSrcs" RelSrcDir="$PSRCDIR/sources_1">
    <Filter Type="Srcs"/>
    <File Path="$PSRCDIR/sources_1/imports/Alaa/CA_project/CA_project.srcs/sources_1/imports/new/muxx.v">
      <FileInfo>
        <Attr Name="ImportPath" Val="$PPRDIR/../CA_project/CA_project.srcs/sources_1/imports/new/muxx.v"/>
        <Attr Name="ImportTime" Val="1656339114"/>
        <Attr Name="UsedIn" Val="synthesis"/>
        <Attr Name="UsedIn" Val="implementation"/>
        <Attr Name="UsedIn" Val="simulation"/>
      </FileInfo>
    </File>
    <File Path="$PSRCDIR/sources_1/imports/Alaa/CA_project/CA_project.srcs/sources_1/imports/new/DFlipFlop.v">
      <FileInfo>
        <Attr Name="ImportPath" Val="$PPRDIR/../CA_project/CA_project.srcs/sources_1/imports/new/DFlipFlop.v"/>
        <Attr Name="ImportTime" Val="1655992618"/>
        <Attr Name="UsedIn" Val="synthesis"/>
        <Attr Name="UsedIn" Val="implementation"/>
        <Attr Name="UsedIn" Val="simulation"/>
      </FileInfo>
    </File>
    <File Path="$PSRCDIR/sources_1/imports/Alaa/CA_project/CA_project.srcs/sources_1/new/regg_32.v">
      <FileInfo>
        <Attr Name="ImportPath" Val="$PPRDIR/../CA_project/CA_project.srcs/sources_1/new/regg_32.v"/>
        <Attr Name="ImportTime" Val="1656339114"/>
        <Attr Name="UsedIn" Val="synthesis"/>
        <Attr Name="UsedIn" Val="implementation"/>
        <Attr Name="UsedIn" Val="simulation"/>
      </FileInfo>
    </File>
    <File Path="$PSRCDIR/sources_1/imports/Alaa/CA_project/CA_project.srcs/sources_1/new/shifter.v">
      <FileInfo>
        <Attr Name="ImportPath" Val="$PPRDIR/../CA_project/CA_project.srcs/sources_1/new/shifter.v"/>
        <Attr Name="ImportTime" Val="1656425461"/>
        <Attr Name="UsedIn" Val="synthesis"/>
        <Attr Name="UsedIn" Val="implementation"/>
        <Attr Name="UsedIn" Val="simulation"/>
      </FileInfo>
    </File>
    <File Path="$PSRCDIR/sources_1/imports/Alaa/CA_project/CA_project.srcs/sources_1/imports/new/FullAdder.v">
      <FileInfo>
        <Attr Name="ImportPath" Val="$PPRDIR/../CA_project/CA_project.srcs/sources_1/imports/new/FullAdder.v"/>
        <Attr Name="ImportTime" Val="1656408915"/>
        <Attr Name="UsedIn" Val="synthesis"/>
        <Attr Name="UsedIn" Val="implementation"/>
        <Attr Name="UsedIn" Val="simulation"/>
      </FileInfo>
    </File>
    <File Path="$PSRCDIR/sources_1/imports/Alaa/Lab7_exp1/Lab7_exp1.srcs/sources_1/imports/new/N_reg.v">
      <FileInfo>
        <Attr Name="ImportPath" Val="$PPRDIR/../Lab7_exp1/Lab7_exp1.srcs/sources_1/imports/new/N_reg.v"/>
        <Attr Name="ImportTime" Val="1656513664"/>
        <Attr Name="UsedIn" Val="synthesis"/>
        <Attr Name="UsedIn" Val="implementation"/>
        <Attr Name="UsedIn" Val="simulation"/>
      </FileInfo>
    </File>
    <File Path="$PSRCDIR/sources_1/new/Memory.v">
      <FileInfo>
        <Attr Name="UsedIn" Val="synthesis"/>
        <Attr Name="UsedIn" Val="implementation"/>
        <Attr Name="UsedIn" Val="simulation"/>
      </FileInfo>
    </File>
    <File Path="$PSRCDIR/sources_1/new/ForwardingUnit.v">
      <FileInfo>
        <Attr Name="UsedIn" Val="synthesis"/>
        <Attr Name="UsedIn" Val="implementation"/>
        <Attr Name="UsedIn" Val="simulation"/>
      </FileInfo>
    </File>
    <File Path="$PSRCDIR/sources_1/imports/Alaa/CA_project/CA_project.srcs/sources_1/imports/new/RegFile.v">
      <FileInfo>
        <Attr Name="ImportPath" Val="$PPRDIR/../CA_project/CA_project.srcs/sources_1/imports/new/RegFile.v"/>
        <Attr Name="ImportTime" Val="1656339114"/>
        <Attr Name="UsedIn" Val="synthesis"/>
        <Attr Name="UsedIn" Val="implementation"/>
        <Attr Name="UsedIn" Val="simulation"/>
      </FileInfo>
    </File>
    <File Path="$PSRCDIR/sources_1/imports/Alaa/CA_project/CA_project.srcs/sources_1/new/mux32_3x1.v">
      <FileInfo>
        <Attr Name="ImportPath" Val="$PPRDIR/../CA_project/CA_project.srcs/sources_1/new/mux32_3x1.v"/>
        <Attr Name="ImportTime" Val="1656339114"/>
        <Attr Name="UsedIn" Val="synthesis"/>
        <Attr Name="UsedIn" Val="implementation"/>
        <Attr Name="UsedIn" Val="simulation"/>
      </FileInfo>
    </File>
    <File Path="$PSRCDIR/sources_1/imports/Alaa/CA_project/CA_project.srcs/sources_1/imports/VerilogSrc/defines.v">
      <FileInfo SFType="VHeader">
        <Attr Name="ImportPath" Val="$PPRDIR/../CA_project/CA_project.srcs/sources_1/imports/VerilogSrc/defines.v"/>
        <Attr Name="ImportTime" Val="1656843372"/>
        <Attr Name="UsedIn" Val="synthesis"/>
        <Attr Name="UsedIn" Val="simulation"/>
      </FileInfo>
    </File>
    <File Path="$PSRCDIR/sources_1/imports/Alaa/CA_project/CA_project.srcs/sources_1/imports/new/ALUControl.v">
      <FileInfo>
        <Attr Name="ImportPath" Val="$PPRDIR/../CA_project/CA_project.srcs/sources_1/imports/new/ALUControl.v"/>
        <Attr Name="ImportTime" Val="1656847670"/>
        <Attr Name="UsedIn" Val="synthesis"/>
        <Attr Name="UsedIn" Val="implementation"/>
        <Attr Name="UsedIn" Val="simulation"/>
      </FileInfo>
    </File>
    <File Path="$PSRCDIR/sources_1/imports/Alaa/CA_project/CA_project.srcs/sources_1/imports/new/ControlUnit.v">
      <FileInfo>
        <Attr Name="ImportPath" Val="$PPRDIR/../CA_project/CA_project.srcs/sources_1/imports/new/ControlUnit.v"/>
        <Attr Name="ImportTime" Val="1656841166"/>
        <Attr Name="UsedIn" Val="synthesis"/>
        <Attr Name="UsedIn" Val="implementation"/>
        <Attr Name="UsedIn" Val="simulation"/>
      </FileInfo>
    </File>
    <File Path="$PSRCDIR/sources_1/imports/Alaa/CA_project/CA_project.srcs/sources_1/imports/VerilogSrc/ImmGen.v">
      <FileInfo>
        <Attr Name="ImportPath" Val="$PPRDIR/../CA_project/CA_project.srcs/sources_1/imports/VerilogSrc/ImmGen.v"/>
        <Attr Name="ImportTime" Val="1540522690"/>
        <Attr Name="UsedIn" Val="synthesis"/>
        <Attr Name="UsedIn" Val="implementation"/>
        <Attr Name="UsedIn" Val="simulation"/>
      </FileInfo>
    </File>
    <File Path="$PSRCDIR/sources_1/imports/Alaa/CA_project/CA_project.srcs/sources_1/imports/VerilogSrc/prv32_ALU.v">
      <FileInfo>
        <Attr Name="ImportPath" Val="$PPRDIR/../CA_project/CA_project.srcs/sources_1/imports/VerilogSrc/prv32_ALU.v"/>
        <Attr Name="ImportTime" Val="1656853460"/>
        <Attr Name="UsedIn" Val="synthesis"/>
        <Attr Name="UsedIn" Val="implementation"/>
        <Attr Name="UsedIn" Val="simulation"/>
      </FileInfo>
    </File>
    <File Path="$PSRCDIR/sources_1/imports/Alaa/CA_project/CA_project.srcs/sources_1/imports/new/mux32_2x1.v">
      <FileInfo>
        <Attr Name="ImportPath" Val="$PPRDIR/../CA_project/CA_project.srcs/sources_1/imports/new/mux32_2x1.v"/>
        <Attr Name="ImportTime" Val="1656339114"/>
        <Attr Name="UsedIn" Val="synthesis"/>
        <Attr Name="UsedIn" Val="implementation"/>
        <Attr Name="UsedIn" Val="simulation"/>
      </FileInfo>
    </File>
    <File Path="$PSRCDIR/sources_1/imports/Alaa/CA_project/CA_project.srcs/sources_1/new/BU.v">
      <FileInfo>
        <Attr Name="ImportPath" Val="$PPRDIR/../CA_project/CA_project.srcs/sources_1/new/BU.v"/>
        <Attr Name="ImportTime" Val="1656416019"/>
        <Attr Name="UsedIn" Val="synthesis"/>
        <Attr Name="UsedIn" Val="implementation"/>
        <Attr Name="UsedIn" Val="simulation"/>
      </FileInfo>
    </File>
    <File Path="$PSRCDIR/sources_1/imports/Alaa/CA_project/CA_project.srcs/sources_1/imports/new/RCA.v">
      <FileInfo>
        <Attr Name="ImportPath" Val="$PPRDIR/../CA_project/CA_project.srcs/sources_1/imports/new/RCA.v"/>
        <Attr Name="ImportTime" Val="1656408915"/>
        <Attr Name="UsedIn" Val="synthesis"/>
        <Attr Name="UsedIn" Val="implementation"/>
        <Attr Name="UsedIn" Val="simulation"/>
      </FileInfo>
    </File>
    <File Path="$PSRCDIR/sources_1/new/pipeline_Datapath.v">
      <FileInfo>
        <Attr Name="UsedIn" Val="synthesis"/>
        <Attr Name="UsedIn" Val="implementation"/>
        <Attr Name="UsedIn" Val="simulation"/>
      </FileInfo>
    </File>
    <File Path="$PSRCDIR/sources_1/imports/Alaa/CA_project/CA_project.srcs/sources_1/imports/new/DataMem.v">
      <FileInfo>
        <Attr Name="AutoDisabled" Val="1"/>
        <Attr Name="ImportPath" Val="$PPRDIR/../CA_project/CA_project.srcs/sources_1/imports/new/DataMem.v"/>
        <Attr Name="ImportTime" Val="1656853916"/>
        <Attr Name="UsedIn" Val="synthesis"/>
        <Attr Name="UsedIn" Val="implementation"/>
        <Attr Name="UsedIn" Val="simulation"/>
      </FileInfo>
    </File>
    <File Path="$PSRCDIR/sources_1/imports/Alaa/CA_project/CA_project.srcs/sources_1/imports/new/InstMem.v">
      <FileInfo>
        <Attr Name="AutoDisabled" Val="1"/>
        <Attr Name="ImportPath" Val="$PPRDIR/../CA_project/CA_project.srcs/sources_1/imports/new/InstMem.v"/>
        <Attr Name="ImportTime" Val="1656862932"/>
        <Attr Name="UsedIn" Val="synthesis"/>
        <Attr Name="UsedIn" Val="implementation"/>
        <Attr Name="UsedIn" Val="simulation"/>
      </FileInfo>
    </File>
    <Config>
      <Option Name="DesignMode" Val="RTL"/>
      <Option Name="TopModule" Val="pipeline_Datapath"/>
    </Config>
  </FileSet>
  <FileSet Name="constrs_in" Type="Constrs" RelSrcDir="$PSRCDIR/constrs_1">
    <Filter Type="Constrs"/>
    <Config>
      <Option Name="ConstrsType" Val="XDC"/>
    </Config>
  </FileSet>
  <Strategy Version="1" Minor="2">
    <StratHandle Name="Vivado Synthesis Defaults" Flow="Vivado Synthesis 2016"/>
    <Step Id="synth_design"/>
  </Strategy>
</GenRun>
